T,chi,chi_err
1.000000000000000000e+00,2.500000000000000000e+01,nan
1.875000000000000000e+00,1.333333333333333393e+01,nan
2.750000000000000000e+00,9.090909090909091717e+00,nan
3.625000000000000000e+00,6.894962659310344577e+00,1.296735732658471901e-03
4.500000000000000000e+00,5.550862142222221962e+00,1.996232168720792673e-03
5.375000000000000000e+00,4.635117774883720898e+00,3.414580947561686192e-03
6.250000000000000000e+00,3.972069881599999963e+00,4.088992023925439381e-03
7.125000000000000000e+00,3.457559348771929830e+00,5.561049738119877052e-03
8.000000000000000000e+00,3.030239499999999975e+00,7.446508353982111104e-03
8.875000000000000000e+00,2.705306158873238775e+00,7.660568839071476774e-03
9.750000000000000000e+00,2.386509846153845871e+00,1.047409909428288245e-02
1.062500000000000000e+01,2.131405669647058687e+00,1.019945362918849713e-02
1.150000000000000000e+01,1.881357631304347633e+00,1.415349961192539051e-02
1.237500000000000000e+01,1.635438283636363899e+00,1.734360817598755780e-02
1.325000000000000000e+01,1.420719999999999761e+00,1.846511951302446525e-02
1.412500000000000000e+01,1.206356627256637282e+00,1.951554377860663381e-02
1.500000000000000000e+01,1.027907282666666644e+00,2.467054698412085231e-02
1.587500000000000000e+01,8.588548031496063828e-01,2.518781047038828880e-02
1.675000000000000000e+01,6.953181397014925880e-01,2.245983394566653316e-02
1.762500000000000000e+01,5.752197242553193091e-01,2.081543565882351329e-02
1.850000000000000000e+01,4.738915437837837863e-01,1.964224820286139886e-02
1.937500000000000000e+01,3.929936082580645640e-01,1.808610245070086525e-02
2.025000000000000000e+01,3.107259239506172666e-01,1.523240620207220834e-02
2.112500000000000000e+01,2.900979408284024008e-01,1.602974972707601684e-02
2.200000000000000000e+01,2.394650890909091057e-01,1.151388903203730447e-02
