T,chi,chi_err
1.000000000000000000e+00,9.626488727272725754e+00,1.099078123687645403e-01
1.875000000000000000e+00,2.453590109090909355e+00,8.592627356228760283e-02
2.750000000000000000e+00,9.823359999999999870e-01,4.309674970772083696e-02
3.625000000000000000e+00,5.727829216300940329e-01,2.719244684423031272e-02
4.500000000000000000e+00,3.857903838383838213e-01,2.018996533490692580e-02
5.375000000000000000e+00,3.059700465116279022e-01,1.962448579687122927e-02
6.250000000000000000e+00,2.317543418181817749e-01,1.323959870418614342e-02
7.125000000000000000e+00,2.087114385964912167e-01,1.251381055118766343e-02
8.000000000000000000e+00,1.688829090909090835e-01,1.140812058072724310e-02
8.875000000000000000e+00,1.420050089628681067e-01,1.024304508289818581e-02
9.750000000000000000e+00,1.450785641025641171e-01,1.030774016350679591e-02
1.062500000000000000e+01,1.050984042780748473e-01,7.740641371718862650e-03
1.150000000000000000e+01,1.053153833992094834e-01,8.054624756878087793e-03
1.237500000000000000e+01,9.766153168044075517e-02,7.170549162489360528e-03
1.325000000000000000e+01,9.127046998284733814e-02,6.891154945113620207e-03
1.412500000000000000e+01,8.141016251005629700e-02,5.531937164880644520e-03
1.500000000000000000e+01,7.447427878787878097e-02,5.743052623819389600e-03
1.587500000000000000e+01,7.084034931997135187e-02,5.260918464353348152e-03
1.675000000000000000e+01,6.557815468113975532e-02,5.032014577321239010e-03
1.762500000000000000e+01,6.248791231463570600e-02,4.577046990117683567e-03
1.850000000000000000e+01,6.169371498771498985e-02,4.896007548902609093e-03
1.937500000000000000e+01,6.293771260997066408e-02,4.564390214917102978e-03
2.025000000000000000e+01,6.436262626262626019e-02,5.777164804079111884e-03
2.112500000000000000e+01,5.326207638515331050e-02,4.569626280968872543e-03
2.200000000000000000e+01,4.766795041322313686e-02,3.943831595706480744e-03
