T,chi,chi_err
1.000000000000000000e+00,2.500000000000000000e+01,nan
1.875000000000000000e+00,1.333333333333333393e+01,nan
2.750000000000000000e+00,9.090909090909091717e+00,nan
3.625000000000000000e+00,6.896551724137930606e+00,nan
4.500000000000000000e+00,5.555555555555555358e+00,nan
5.375000000000000000e+00,4.647947720930233118e+00,1.512475142014313391e-03
6.250000000000000000e+00,3.994186726399999721e+00,2.132356513208167551e-03
7.125000000000000000e+00,3.495365338947368450e+00,2.833550521647722198e-03
8.000000000000000000e+00,3.098739020000000455e+00,3.652216004136453129e-03
8.875000000000000000e+00,2.775716344788732304e+00,4.814406444509444251e-03
9.750000000000000000e+00,2.504806465641025603e+00,5.078173384568588841e-03
1.062500000000000000e+01,2.263865069176470346e+00,6.627823814683847861e-03
1.150000000000000000e+01,2.053632055652173438e+00,7.269728767277086091e-03
1.237500000000000000e+01,1.866251762424242733e+00,8.338947746254495030e-03
1.325000000000000000e+01,1.704483151698113153e+00,8.675149896512603792e-03
1.412500000000000000e+01,1.539930390088495527e+00,1.007897597124269608e-02
1.500000000000000000e+01,1.373309010666666774e+00,1.462755525386282875e-02
1.587500000000000000e+01,1.244894740157480362e+00,1.242221050265784714e-02
1.675000000000000000e+01,1.086175023283582286e+00,1.552489474453538389e-02
1.762500000000000000e+01,9.690593475177307070e-01,1.777578106909839112e-02
1.850000000000000000e+01,8.322782075675676516e-01,1.811547294518348408e-02
1.937500000000000000e+01,7.055664536774193252e-01,1.851076228496081541e-02
2.025000000000000000e+01,6.069374340740739671e-01,2.065269710508199283e-02
2.112500000000000000e+01,5.069219427218935037e-01,1.953012225695295936e-02
2.200000000000000000e+01,4.389837890909090712e-01,1.699108826748129894e-02
