T,chi,chi_err
1.000000000000000000e+00,1.100000000000000000e+01,nan
1.875000000000000000e+00,5.866666666666666252e+00,nan
2.750000000000000000e+00,3.998677685950413618e+00,1.321983264328420796e-03
3.625000000000000000e+00,3.025052890282131646e+00,3.177999798053521632e-03
4.500000000000000000e+00,2.409773818181818239e+00,6.087051772836311013e-03
5.375000000000000000e+00,1.978721961945031804e+00,7.760526157929662633e-03
6.250000000000000000e+00,1.635616523636363562e+00,1.040825425480340280e-02
7.125000000000000000e+00,1.345210985645932888e+00,1.405992955600706036e-02
8.000000000000000000e+00,1.098214897727272543e+00,1.733997266465221038e-02
8.875000000000000000e+00,8.688593700384120710e-01,1.821802668968916863e-02
9.750000000000000000e+00,7.055195897435897479e-01,1.653386004121834216e-02
1.062500000000000000e+01,5.623067379679145272e-01,1.647668174464470697e-02
1.150000000000000000e+01,4.504592885375494626e-01,1.500718014782776062e-02
1.237500000000000000e+01,3.792190927456381422e-01,1.350940800520800122e-02
1.325000000000000000e+01,3.132828473413379333e-01,1.177998549505892591e-02
1.412500000000000000e+01,2.720786741753821736e-01,1.037183205841603340e-02
1.500000000000000000e+01,2.331070969696969752e-01,9.591423752894727428e-03
1.587500000000000000e+01,1.937146685755190278e-01,7.946325702751813949e-03
1.675000000000000000e+01,1.738581221166893287e-01,7.460511788408992137e-03
1.762500000000000000e+01,1.524685286911669768e-01,6.546414802236246583e-03
1.850000000000000000e+01,1.345098968058968392e-01,5.598278449138120727e-03
1.937500000000000000e+01,1.351553079178885730e-01,5.927367489575490617e-03
2.025000000000000000e+01,1.159787699214365891e-01,5.544617414030295240e-03
2.112500000000000000e+01,1.053824895104895076e-01,5.210299705050936737e-03
2.200000000000000000e+01,9.599213223140495854e-02,4.640116197254717453e-03
