T,chi,chi_err
1.000000000000000000e+00,7.000000000000000000e+00,nan
1.875000000000000000e+00,3.733333333333333393e+00,nan
2.750000000000000000e+00,2.539841610389610427e+00,2.639465548158096298e-03
3.625000000000000000e+00,1.903285871921182482e+00,5.816220155920629256e-03
4.500000000000000000e+00,1.492665904761904638e+00,8.332030459019409974e-03
5.375000000000000000e+00,1.181538205980066536e+00,1.049245262341778895e-02
6.250000000000000000e+00,9.313685714285714345e-01,1.341850789726466327e-02
7.125000000000000000e+00,7.494656641604009462e-01,1.282007552117134762e-02
8.000000000000000000e+00,5.912002857142858447e-01,1.388317610365432699e-02
8.875000000000000000e+00,4.784186559356136681e-01,1.153666764168713964e-02
9.750000000000000000e+00,3.827038241758241033e-01,1.040372045069331251e-02
1.062500000000000000e+01,3.195782991596638478e-01,9.665623010844621998e-03
1.150000000000000000e+01,2.770131552795031538e-01,9.338311776657261254e-03
1.237500000000000000e+01,2.351532582972582774e-01,7.828928839030874914e-03
1.325000000000000000e+01,1.985042695417789382e-01,6.959563635977702133e-03
1.412500000000000000e+01,1.737106346396965761e-01,6.095437187629291001e-03
1.500000000000000000e+01,1.516507047619047588e-01,5.835981550754380104e-03
1.587500000000000000e+01,1.373340292463441914e-01,4.956013756231371359e-03
1.675000000000000000e+01,1.256086652452025332e-01,5.312878499389345026e-03
1.762500000000000000e+01,1.151798257345491155e-01,4.193311521288997992e-03
1.850000000000000000e+01,1.036499691119691091e-01,3.992869102088150018e-03
1.937500000000000000e+01,9.800408479262670558e-02,3.855880488048580614e-03
2.025000000000000000e+01,9.009494885361550576e-02,3.963859816539730060e-03
2.112500000000000000e+01,8.604835164835163142e-02,3.376716836859444248e-03
2.200000000000000000e+01,7.851363636363635490e-02,3.227104948437821072e-03
