T,chi,chi_err
1.000000000000000000e+00,2.457807100000000133e+01,6.054800968950267009e-02
1.875000000000000000e+00,1.251498920533333425e+01,4.855667748120787858e-02
2.750000000000000000e+00,7.639668596363637043e+00,7.243455852396787908e-02
3.625000000000000000e+00,4.605765517241378504e+00,7.933299053921480382e-02
4.500000000000000000e+00,2.614002480000000350e+00,7.003463697770717644e-02
5.375000000000000000e+00,1.521806407441860465e+00,5.535295027638559989e-02
6.250000000000000000e+00,8.518727423999999937e-01,4.148015382370219550e-02
7.125000000000000000e+00,6.054703382456140259e-01,3.164057408004641164e-02
8.000000000000000000e+00,3.793581950000000091e-01,2.414325083671320371e-02
8.875000000000000000e+00,3.108051830985915087e-01,2.080212735394969953e-02
9.750000000000000000e+00,2.550948061538461653e-01,1.890969885340918963e-02
1.062500000000000000e+01,1.965899143529412085e-01,1.538878774413307213e-02
1.150000000000000000e+01,1.936648034782608441e-01,1.442765076713032127e-02
1.237500000000000000e+01,1.650870012121212482e-01,1.523057094321525820e-02
1.325000000000000000e+01,1.399182007547169759e-01,1.201869982131578869e-02
1.412500000000000000e+01,1.323576184070796580e-01,1.010575267712258106e-02
1.500000000000000000e+01,1.116646160000000082e-01,9.142573185744691522e-03
1.587500000000000000e+01,1.052214022047244096e-01,1.025766845353496409e-02
1.675000000000000000e+01,8.948407402985075754e-02,7.669907064442222505e-03
1.762500000000000000e+01,8.532948425531915182e-02,7.567010930361397179e-03
1.850000000000000000e+01,7.985219243243243947e-02,7.377852145033784309e-03
1.937500000000000000e+01,6.978287277419355228e-02,6.526000258176722739e-03
2.025000000000000000e+01,6.722875851851851936e-02,7.555871638978917115e-03
2.112500000000000000e+01,7.113905041420118258e-02,8.073306269457762238e-03
2.200000000000000000e+01,5.249642000000001585e-02,4.912279554692002698e-03
