T,chi,chi_err
1.000000000000000000e+00,2.500000000000000000e+01,nan
1.875000000000000000e+00,1.333333333333333393e+01,nan
2.750000000000000000e+00,9.090909090909091717e+00,nan
3.625000000000000000e+00,6.896551724137930606e+00,nan
4.500000000000000000e+00,5.555555555555555358e+00,nan
5.375000000000000000e+00,4.651162790697674687e+00,nan
6.250000000000000000e+00,4.000000000000000000e+00,nan
7.125000000000000000e+00,3.508771929824561209e+00,nan
8.000000000000000000e+00,3.124759994999999790e+00,3.394112549695427867e-04
8.875000000000000000e+00,2.816250212957746246e+00,5.296526231985305717e-04
9.750000000000000000e+00,2.562724098461539146e+00,7.357120734787779863e-04
1.062500000000000000e+01,2.350411158588235683e+00,9.530913558108050675e-04
1.150000000000000000e+01,2.167900768695652403e+00,1.418123245521322106e-03
1.237500000000000000e+01,2.013892263434343466e+00,1.560762949992547562e-03
1.325000000000000000e+01,1.875658840754717005e+00,1.962001459504830563e-03
1.412500000000000000e+01,1.754461675044247881e+00,2.239465002438912299e-03
1.500000000000000000e+01,1.644052562666666661e+00,2.502516968747332121e-03
1.587500000000000000e+01,1.547144000000000297e+00,2.837252783431143920e-03
1.675000000000000000e+01,1.456622134925373180e+00,3.114665606023443636e-03
1.762500000000000000e+01,1.369946941276595664e+00,3.464652216901767303e-03
1.850000000000000000e+01,1.295420462702702613e+00,3.823460620847415892e-03
1.937500000000000000e+01,1.226198113032257897e+00,4.257677369301911610e-03
2.025000000000000000e+01,1.158604728888888769e+00,4.752210439787873421e-03
2.112500000000000000e+01,1.092103384615384698e+00,4.923979077967695003e-03
2.200000000000000000e+01,1.025850470909090983e+00,5.174175384732961243e-03
