T,chi,chi_err
1.000000000000000000e+00,1.100000000000000000e+01,nan
1.875000000000000000e+00,5.862787684848483671e+00,2.740658372191575286e-03
2.750000000000000000e+00,3.963900793388429822e+00,6.998117008165859361e-03
3.625000000000000000e+00,2.904139335423197466e+00,1.471792891563913040e-02
4.500000000000000000e+00,2.135434262626263013e+00,2.566671137825560223e-02
5.375000000000000000e+00,1.535753048625792649e+00,2.700343235874502062e-02
6.250000000000000000e+00,1.117096727272727463e+00,2.756928581751326435e-02
7.125000000000000000e+00,8.009157894736842476e-01,2.386731643497540245e-02
8.000000000000000000e+00,5.720398977272728169e-01,1.886917371458891879e-02
8.875000000000000000e+00,4.268988066581305696e-01,1.809667228666834646e-02
9.750000000000000000e+00,3.318716177156177949e-01,1.344706922431072871e-02
1.062500000000000000e+01,2.773067294117647630e-01,1.113707257854726698e-02
1.150000000000000000e+01,2.299407984189723586e-01,9.766169769463185768e-03
1.237500000000000000e+01,1.991216235078053232e-01,9.162115781670022302e-03
1.325000000000000000e+01,1.728094339622641695e-01,8.322644490930838218e-03
1.412500000000000000e+01,1.598360353982300752e-01,7.400037475690266625e-03
1.500000000000000000e+01,1.350276303030303049e-01,8.057980890907050567e-03
1.587500000000000000e+01,1.188142362204724495e-01,6.094809859738840527e-03
1.675000000000000000e+01,1.083019321573948368e-01,5.512016588436358458e-03
1.762500000000000000e+01,1.063711360412636919e-01,5.621667442059823973e-03
1.850000000000000000e+01,9.662788697788697589e-02,5.429229033924252990e-03
1.937500000000000000e+01,8.413818651026390427e-02,4.368495243863695747e-03
2.025000000000000000e+01,8.180039955106623017e-02,4.329300954800479467e-03
2.112500000000000000e+01,7.332939860139860155e-02,5.800973100353142529e-03
2.200000000000000000e+01,7.352799586776860574e-02,4.178971518022349049e-03
