T,chi,chi_err
1.000000000000000000e+00,1.100000000000000000e+01,nan
1.875000000000000000e+00,5.866666666666666252e+00,nan
2.750000000000000000e+00,4.000000000000000000e+00,nan
3.625000000000000000e+00,3.034482758620689502e+00,nan
4.500000000000000000e+00,2.437977353535353497e+00,2.277006250304848285e-03
5.375000000000000000e+00,2.035412160676532967e+00,2.969309468170922874e-03
6.250000000000000000e+00,1.732350545454545365e+00,4.863780510321410837e-03
7.125000000000000000e+00,1.493103349282296488e+00,6.397822094256183645e-03
8.000000000000000000e+00,1.299681636363636317e+00,7.226857238400903778e-03
8.875000000000000000e+00,1.126062545454545205e+00,9.001289286516184901e-03
9.750000000000000000e+00,9.713752540792539580e-01,1.178925908254418835e-02
1.062500000000000000e+01,8.448845689839573625e-01,1.137441409433997616e-02
1.150000000000000000e+01,7.064970671936759983e-01,1.315786231372690490e-02
1.237500000000000000e+01,5.976986152433425570e-01,1.582330060301159053e-02
1.325000000000000000e+01,5.038589296740996204e-01,1.582639754713474622e-02
1.412500000000000000e+01,4.339156492357200690e-01,1.421077875608184153e-02
1.500000000000000000e+01,3.720848484848484627e-01,1.241680797505364739e-02
1.587500000000000000e+01,3.243452598425197175e-01,1.070267385256705797e-02
1.675000000000000000e+01,2.655886241519674340e-01,1.006710027502234588e-02
1.762500000000000000e+01,2.386050754352031233e-01,8.582137990802046409e-03
1.850000000000000000e+01,2.112306584766585060e-01,7.959938528070014535e-03
1.937500000000000000e+01,1.873007812316715981e-01,6.955957403349572951e-03
2.025000000000000000e+01,1.747403995510662111e-01,6.991420204915422230e-03
2.112500000000000000e+01,1.540466530392684552e-01,6.502345049838972879e-03
2.200000000000000000e+01,1.371983471074380290e-01,5.759443723149622156e-03
