T,chi,chi_err
1.000000000000000000e+00,1.100000000000000000e+01,nan
1.875000000000000000e+00,5.866666666666666252e+00,nan
2.750000000000000000e+00,3.990211570247934159e+00,3.948781578305470517e-03
3.625000000000000000e+00,2.996055448275861899e+00,6.212767832589911193e-03
4.500000000000000000e+00,2.334930080808081065e+00,1.139181045153325571e-02
5.375000000000000000e+00,1.825383492600422874e+00,1.738020221392573561e-02
6.250000000000000000e+00,1.423297730909090841e+00,2.347274135034754100e-02
7.125000000000000000e+00,1.071558009569377967e+00,2.619864174721935057e-02
8.000000000000000000e+00,8.167681818181820042e-01,2.161951027798221861e-02
8.875000000000000000e+00,6.204410345710628105e-01,1.846031120724420452e-02
9.750000000000000000e+00,4.747739953379954136e-01,1.691624676389632750e-02
1.062500000000000000e+01,3.807259379679144851e-01,1.334887669082629284e-02
1.150000000000000000e+01,3.023328932806324532e-01,1.275749813165699166e-02
1.237500000000000000e+01,2.479349935720845111e-01,1.053731570529259191e-02
1.325000000000000000e+01,2.208589982847341815e-01,9.271887780410935018e-03
1.412500000000000000e+01,1.889132743362832156e-01,8.566692441378498737e-03
1.500000000000000000e+01,1.668324606060606063e-01,7.218250937619996241e-03
1.587500000000000000e+01,1.462740157480315051e-01,6.931491254370573778e-03
1.675000000000000000e+01,1.328976933514247061e-01,6.334944343595320070e-03
1.762500000000000000e+01,1.269560077369439322e-01,6.954726380846469429e-03
1.850000000000000000e+01,1.133027813267813572e-01,5.798458289278222294e-03
1.937500000000000000e+01,9.675807155425220074e-02,5.077129858160786893e-03
2.025000000000000000e+01,9.086015712682378453e-02,5.011639060121525838e-03
2.112500000000000000e+01,8.437644324905863025e-02,4.333600704448469128e-03
2.200000000000000000e+01,7.992716942148760106e-02,4.338070295366909176e-03
