T,chi,chi_err
1.000000000000000000e+00,1.800000000000000000e+01,nan
1.875000000000000000e+00,9.599999999999999645e+00,nan
2.750000000000000000e+00,6.545454545454545858e+00,nan
3.625000000000000000e+00,4.965517241379310498e+00,nan
4.500000000000000000e+00,3.999580234567901016e+00,5.936205076627808436e-04
5.375000000000000000e+00,3.346725333333333996e+00,1.215835294309054520e-03
6.250000000000000000e+00,2.867032524444444785e+00,2.823655843683714473e-03
7.125000000000000000e+00,2.506579142300195073e+00,3.435071862280351766e-03
8.000000000000000000e+00,2.216784104166666491e+00,4.362732014768984888e-03
8.875000000000000000e+00,1.974277583724569851e+00,5.277388133347129390e-03
9.750000000000000000e+00,1.769740028490028649e+00,6.569742274438648832e-03
1.062500000000000000e+01,1.585524705882352947e+00,8.921083559065892329e-03
1.150000000000000000e+01,1.419387241545893685e+00,1.048320641787986104e-02
1.237500000000000000e+01,1.275462855218855163e+00,1.005422683792307238e-02
1.325000000000000000e+01,1.130394549266247273e+00,1.146972681589985069e-02
1.412500000000000000e+01,9.885965742379546617e-01,1.426333080687037895e-02
1.500000000000000000e+01,8.671802925925926608e-01,1.655262215223632719e-02
1.587500000000000000e+01,7.579391636045494929e-01,1.528800733253474729e-02
1.675000000000000000e+01,6.454275290215589767e-01,1.578130125614068957e-02
1.762500000000000000e+01,5.501404917257681770e-01,1.647558845165611463e-02
1.850000000000000000e+01,4.575830750750751186e-01,1.502628265445255483e-02
1.937500000000000000e+01,3.914709677419355160e-01,1.531900640007331088e-02
2.025000000000000000e+01,3.322702633744856193e-01,1.356034846705096372e-02
2.112500000000000000e+01,3.050644970414201351e-01,1.111390773470700109e-02
2.200000000000000000e+01,2.646203636363636535e-01,1.149337962396364266e-02
