T,chi,chi_err
1.000000000000000000e+00,1.791832394444444532e+01,2.797069426974232997e-02
1.875000000000000000e+00,8.361911822222220181e+00,1.260040260447234106e-01
2.750000000000000000e+00,3.809401030303030566e+00,1.060957571405748839e-01
3.625000000000000000e+00,1.655890743295019396e+00,6.612857996218250711e-02
4.500000000000000000e+00,9.039009259259260798e-01,4.554944660304996451e-02
5.375000000000000000e+00,5.585806614987081087e-01,3.168639467587577863e-02
6.250000000000000000e+00,3.758864977777777172e-01,2.139043367625050041e-02
7.125000000000000000e+00,3.008161871345029215e-01,1.834557099697147267e-02
8.000000000000000000e+00,2.398802152777778085e-01,1.656606290072179868e-02
8.875000000000000000e+00,1.978908043818466689e-01,1.388017047927189197e-02
9.750000000000000000e+00,1.678587806267806681e-01,1.166374900869488959e-02
1.062500000000000000e+01,1.375578352941176918e-01,9.882981260658370640e-03
1.150000000000000000e+01,1.314960193236715535e-01,1.117803980355517798e-02
1.237500000000000000e+01,1.177358653198653377e-01,8.702875480655493379e-03
1.325000000000000000e+01,9.769014675052412056e-02,9.366541100101391515e-03
1.412500000000000000e+01,9.279180334316619594e-02,7.042873241535646360e-03
1.500000000000000000e+01,8.966919999999999058e-02,7.969195314381396014e-03
1.587500000000000000e+01,7.916749256342958674e-02,5.895304575024803463e-03
1.675000000000000000e+01,6.903609950248758287e-02,5.610827908097412893e-03
1.762500000000000000e+01,7.592560756501182118e-02,7.312712171850778257e-03
1.850000000000000000e+01,6.205736936936937648e-02,5.995595425019523313e-03
1.937500000000000000e+01,6.265347670250898116e-02,5.919193799381996038e-03
2.025000000000000000e+01,6.093010699588477519e-02,5.411040523511062399e-03
2.112500000000000000e+01,6.626301380670611418e-02,7.917043339988182049e-03
2.200000000000000000e+01,5.925089898989899934e-02,5.946148957080519930e-03
