T,chi,chi_err
1.000000000000000000e+00,6.994855857142856514e+00,4.197024134720499233e-03
1.875000000000000000e+00,3.625730361904762056e+00,1.476785313093739900e-02
2.750000000000000000e+00,2.195707792207792330e+00,2.697403242757518901e-02
3.625000000000000000e+00,1.348246068965517130e+00,2.581693913714220440e-02
4.500000000000000000e+00,8.327516190476188518e-01,2.397658406349599189e-02
5.375000000000000000e+00,5.747229501661130779e-01,1.790219168944129011e-02
6.250000000000000000e+00,4.257828342857143400e-01,1.433031640647203751e-02
7.125000000000000000e+00,3.202341654135337778e-01,1.187092982786234346e-02
8.000000000000000000e+00,2.684869821428571002e-01,9.501363546614101721e-03
8.875000000000000000e+00,2.091273883299798186e-01,7.850468860557482248e-03
9.750000000000000000e+00,1.872967619047618826e-01,7.698286051948157946e-03
1.062500000000000000e+01,1.619196638655461817e-01,6.674014640870388690e-03
1.150000000000000000e+01,1.409468819875776269e-01,5.839840816412721070e-03
1.237500000000000000e+01,1.276156305916305578e-01,6.069964133726950262e-03
1.325000000000000000e+01,1.180821455525606217e-01,4.864886388051649531e-03
1.412500000000000000e+01,1.024664981036662315e-01,4.641716008774652603e-03
1.500000000000000000e+01,9.381819999999999049e-02,4.482224377601443967e-03
1.587500000000000000e+01,8.968710011248591518e-02,3.897861571337204838e-03
1.675000000000000000e+01,7.879355223880596393e-02,3.822345187423102641e-03
1.762500000000000000e+01,7.754594528875377590e-02,3.641507329357294032e-03
1.850000000000000000e+01,7.065933590733589065e-02,3.382215128226446869e-03
1.937500000000000000e+01,6.844542672811058936e-02,3.337495319521191408e-03
2.025000000000000000e+01,6.280487477954144193e-02,3.326964788860072280e-03
2.112500000000000000e+01,5.862539983093829898e-02,2.915429197708826504e-03
2.200000000000000000e+01,5.990518831168830521e-02,3.062481483660087385e-03
