T,chi,chi_err
1.000000000000000000e+00,1.800000000000000000e+01,nan
1.875000000000000000e+00,9.599999999999999645e+00,nan
2.750000000000000000e+00,6.545454545454545858e+00,nan
3.625000000000000000e+00,4.965517241379310498e+00,nan
4.500000000000000000e+00,3.992493382716049588e+00,2.614159396785970847e-03
5.375000000000000000e+00,3.333373188630491146e+00,3.338265400272617985e-03
6.250000000000000000e+00,2.839978302222221807e+00,4.958145293604587431e-03
7.125000000000000000e+00,2.449309816764131842e+00,7.834010628991644118e-03
8.000000000000000000e+00,2.129859333333333105e+00,1.023099006188687814e-02
8.875000000000000000e+00,1.862209076682316056e+00,1.149020907006509037e-02
9.750000000000000000e+00,1.612278313390313356e+00,1.309289285414076166e-02
1.062500000000000000e+01,1.395334504575163503e+00,1.439555288908022680e-02
1.150000000000000000e+01,1.166852748792270633e+00,2.196783545692750778e-02
1.237500000000000000e+01,9.910986127946128654e-01,2.097984908696117964e-02
1.325000000000000000e+01,8.140048259958070354e-01,2.100639391293342151e-02
1.412500000000000000e+01,6.669331720747297965e-01,2.058538421128018256e-02
1.500000000000000000e+01,5.541989592592592162e-01,1.833849055156516403e-02
1.587500000000000000e+01,4.574063727034121674e-01,1.656472618330706928e-02
1.675000000000000000e+01,3.797816782752903020e-01,1.517991788354352937e-02
1.762500000000000000e+01,3.264012104018912397e-01,1.380658375770362628e-02
1.850000000000000000e+01,2.745010180180180726e-01,1.224696899804348163e-02
1.937500000000000000e+01,2.396615770609319407e-01,1.113941240187555845e-02
2.025000000000000000e+01,1.930160877914952056e-01,9.920759598652630420e-03
2.112500000000000000e+01,1.725832583826430455e-01,8.681937776213488264e-03
2.200000000000000000e+01,1.538762727272727504e-01,7.998601896126621841e-03
